0,430,4069.5783,39.79476,-86.234915
-342.7815394,-187.0601566,-0.647193616,0,0
-342.7935886,-188.363656,-0.650877624,0,0
-342.8064975,-189.7382149,-0.654851401,0,0
-342.8194147,-191.2981949,-0.659357286,0,0
-342.8323384,-193.0047355,-0.664313423,0,0
-342.8444051,-194.700173,-0.669257846,0,0
-342.8581887,-196.484435,-0.67446406,0,0
-342.871979,-198.4152573,-0.680135612,0,0
-342.8857733,-200.4371249,-0.686054908,0,0
-342.9004253,-202.4856397,-0.692025688,0,0
-342.9159404,-204.6829355,-0.698451395,0,0
-342.9323191,-207.0367846,-0.705388866,0,0
-342.9495517,-209.3340079,-0.71217207,0,0
-342.9685076,-211.8599543,-0.719511994,0,0
-342.9874639,-214.3947831,-0.726931795,0,0
-343.0072802,-217.0084436,-0.73464481,0,0
-343.0279567,-219.7031564,-0.74251913,0,0
-343.049493,-222.4722597,-0.750588792,0,0
-343.0710289,-225.2313702,-0.758625415,0,0
-343.0934245,-228.0626506,-0.766914405,0,0
-343.1175444,-231.1459704,-0.776032694,0,0
-343.1433806,-234.3014601,-0.785262337,0,0
-343.168355,-237.3392573,-0.794275991,0,0
-343.1941932,-240.5391592,-0.803656896,0,0
-343.2226085,-243.9067172,-0.813482787,0,0
-343.2484436,-247.0366697,-0.822829633,0,0
-343.2768557,-250.3309474,-0.832461752,0,0
-343.3061316,-253.7895504,-0.842499876,0,0
-343.3362668,-257.3092201,-0.852854813,0,0
-343.3681178,-260.891067,-0.863359253,0,0
-343.3999713,-264.5295394,-0.874144362,0,0
-343.432684,-268.2257476,-0.885040397,0,0
-343.4653942,-271.8631096,-0.895707661,0,0
-343.4998249,-275.6692381,-0.906906274,0,0
-343.534258,-279.5286612,-0.918361291,0,0
-343.5704065,-283.4402685,-0.930032516,0,0
-343.6074139,-287.4040602,-0.941553279,0,0
-343.6461421,-291.538839,-0.953774452,0,0
-343.6831485,-295.4782039,-0.96540804,0,0
-343.7218756,-299.5885558,-0.977503628,0,0
-343.76318,-303.8698947,-0.990182332,0,0
-343.8053431,-308.1989767,-1.003006916,0,0
-343.8449272,-312.3171007,-1.015069575,0,0
-343.8879509,-316.7361173,-1.0281465,0,0
-343.9335521,-321.3305622,-1.041683466,0,0
-343.9757114,-325.5719299,-1.054471468,0,0
-344.0213107,-330.1208521,-1.06784212,0,0
-344.0677684,-334.7119659,-1.081388133,0,0
-344.1133653,-339.206483,-1.09509771,0,0
-344.1615398,-343.878649,-1.108671503,0,0
-344.2114354,-348.7284638,-1.122906249,0,0
-344.2596072,-353.3373421,-1.136638344,0,0
-344.3077808,-357.9839709,-1.150370418,0,0
-344.3585319,-362.8082484,-1.164826345,0,0
-344.4118607,-367.8123954,-1.179692658,0,0
-344.4608893,-372.4212735,-1.193251647,0,0
-344.5159346,-377.4987004,-1.208368768,0,0
-344.5683989,-382.3185364,-1.222771879,0,0
-344.6217287,-387.3171327,-1.219869323,0,0
-344.6759141,-392.3401531,-1.256690665,0,0
-344.7309588,-397.3942636,-1.268197077,0,0
-344.7834287,-402.3317919,-1.282209703,0,0
-344.8367565,-407.3004085,-1.296611815,0,0
-344.8909492,-412.4522256,-1.310948221,0,0
-344.8800465,-417.6340239,-1.325227171,0,0
-344.8537139,-422.5393568,-1.335937628,0,0
-344.7948551,-427.9321158,-1.340760386,0,0
-344.7154408,-433.3504132,-1.339278897,0,0
-344.637734,-438.6399154,-1.332070413,0,0
-344.5583225,-444.1081775,-1.315586409,0,0
-344.4831808,-449.2855396,-1.294115102,0,0
-344.4088965,-454.4828872,-1.271749572,0,0
-344.332058,-460.0210992,-1.245659785,0,0
-344.2535145,-465.7380709,-1.214765319,0,0
-344.1398457,-471.3173649,-1.20024567,0,0
-343.9610659,-476.5979894,-1.188149203,0,0
-343.6829344,-482.0551566,-1.181202388,0,0
-343.2754719,-487.686647,-1.180311836,0,0
-342.7960375,-492.8473703,-1.187557802,0,0
-342.248094,-498.3489604,-1.19573134,0,0
-341.5999347,-503.8638789,-1.199284944,0,0
-340.9431956,-509.0690229,-1.196232484,0,0
-339.8590485,-514.5417663,-1.231238652,0,0
-338.7954588,-520.0378264,-1.249996255,0,0
-337.7592718,-525.3939877,-1.252939828,0,0
-336.7179459,-530.7723566,-1.240274822,0,0
-335.6389392,-536.3283775,-1.208188486,0,0
-334.5239641,-542.0609395,-1.164191157,0,0
-333.5014743,-547.3127355,-1.112139821,0,0
-332.3076868,-552.8809766,-1.054029343,0,0
-330.8312311,-558.3814988,-1.02310839,0,0
-329.2759618,-563.6854996,-0.994402844,0,0
-327.5716563,-569.1338462,-0.967115765,0,0
-325.7020312,-574.5400072,-0.94737997,0,0
-323.5343078,-579.6508349,-0.970484013,0,0
-321.3357464,-584.7616646,-0.978941835,0,0
-318.9727292,-590.0046276,-0.980232755,0,0
-316.434977,-595.3741726,-0.972752739,0,0
-314.0222586,-600.2573976,-0.966708414,0,0
-311.3765654,-605.4193192,-0.948341331,0,0
-308.5458565,-610.693388,-0.932480758,0,0
-305.7810854,-615.6299205,-0.912363621,0,0
-302.7405087,-620.8196123,-0.895421403,0,0
-299.6168315,-625.7728095,-0.894050811,0,0
-296.4263287,-630.4828498,-0.90366599,0,0
-293.1510214,-635.1551425,-0.905561026,0,0
-289.5956243,-640.073933,-0.898950007,0,0
-286.0059516,-644.7706612,-0.89916517,0,0
-282.4102708,-649.2597607,-0.900213293,0,0
-278.5045185,-653.9664906,-0.892606101,0,0
-274.6244515,-658.4844657,-0.883754406,0,0
-270.8779926,-662.6704537,-0.864912083,0,0
-266.6869845,-667.1784455,-0.832401913,0,0
-262.4360109,-671.6409158,-0.786931251,0,0
-258.4813896,-675.6648043,-0.730132625,0,0
-254.2963484,-679.7142347,-0.679825724,0,0
-249.7275537,-683.587132,-0.67478015,0,0
-245.2178517,-687.2712736,-0.660768488,0,0
-240.3141268,-691.0497988,-0.665478022,0,0
-235.307594,-694.3853078,-0.709152689,0,0
-230.22482,-697.6231104,-0.738856016,0,0
-225.2773775,-700.782075,-0.75826731,0,0
-220.1603342,-704.0354206,-0.748067833,0,0
-215.115233,-707.0911272,-0.728944469,0,0
-210.1549226,-709.9625158,-0.724719964,0,0
-204.8211468,-712.9282875,-0.718149402,0,0
-199.427405,-715.8096742,-0.706743558,0,0
-194.1398699,-718.5289507,-0.688623088,0,0
-188.5876479,-721.1371988,-0.67538214,0,0
-182.7784477,-723.6199836,-0.67059301,0,0
-177.2416272,-725.852938,-0.67383585,0,0
-171.2876526,-728.0470367,-0.678936424,0,0
-165.4227518,-729.9779845,-0.701894896,0,0
-159.3274286,-731.8345411,-0.732616643,0,0
-153.4924922,-733.3035894,-0.77702494,0,0
-147.2481104,-734.6771539,-0.829762524,0,0
-140.9591828,-735.9352434,-0.872724859,0,0
-135.1704876,-736.9712591,-0.904624148,0,0
-128.6177286,-738.026157,-0.949254526,0,0
-122.5763384,-738.8723052,-0.980527098,0,0
-116.4998255,-739.5874329,-1.012982849,0,0
-110.3907596,-740.1593266,-1.048152355,0,0
-104.0675482,-740.6124154,-1.085183745,0,0
-97.71863703,-740.9056164,-1.112822742,0,0
-91.72520211,-741.1288583,-1.143674642,0,0
-85.33774322,-741.3132398,-1.168386414,0,0
-78.93229599,-741.4998361,-1.199618614,0,0
-72.69730639,-741.680874,-1.230138568,0,0
-66.25502599,-741.8641288,-1.264757319,0,0
-59.79390073,-742.0451575,-1.300544757,0,0
-53.12377157,-742.228403,-1.335216,0,0
-46.62495658,-742.4038689,-1.37498491,0,0
-39.72526552,-742.5859945,-1.403968539,0,0
-33.19304378,-742.755899,-1.432250537,0,0
-26.83813238,-742.9202474,-1.446789357,0,0
-20.0857711,-743.0923653,-1.447824816,0,0
-13.5158595,-743.2600365,-1.44127967,0,0
-6.936525307,-743.428813,-1.431075839,0,0
-0.152469936,-743.6020243,-1.426012989,0,0
6.641864622,-743.7752292,-1.425437186,0,0
13.25203636,-743.9450978,-1.421564491,0,0
19.8724872,-744.1138483,-1.436192732,0,0
26.70108545,-744.2492852,-1.433141721,0,0
32.75791083,-744.1460029,-1.435913532,0,0
39.28669858,-742.3106337,-1.466194259,0,0
45.54737493,-740.3009419,-1.50161662,0,0
50.88636265,-736.2527271,-1.563987528,0,0
55.56150267,-732.2966714,-1.604545259,0,0
60.56727256,-728.1141098,-1.628858883,0,0
66.30969946,-725.3194197,-1.659926004,0,0
72.30053695,-723.5262187,-1.689934542,0,0
78.73507694,-721.9106589,-1.70610112,0,0
85.04027506,-720.5515767,-1.713951361,0,0
91.21013594,-719.4478613,-1.721079687,0,0
97.60955783,-718.5073531,-1.727209532,0,0
104.035533,-717.6567737,-1.734536735,0,0
110.6696536,-716.835054,-1.741732652,0,0
117.1333163,-716.0799491,-1.751073543,0,0
123.6098263,-715.3237282,-1.762229771,0,0
130.2901981,-714.5430716,-1.772528729,0,0
136.7924026,-713.7846191,-1.778063999,0,0
143.4830484,-712.884039,-1.778921216,0,0
149.591225,-711.9335019,-1.768160511,0,0
155.6831232,-710.8563875,-1.739332647,0,0
161.9463302,-709.6227118,-1.708652233,0,0
168.5590102,-708.1514183,-1.674328294,0,0
174.563523,-706.63461,-1.642738921,0,0
180.879816,-704.783586,-1.626718902,0,0
187.1198662,-702.6993967,-1.591438071,0,0
193.0326964,-700.3098755,-1.564386889,0,0
198.7690717,-697.999185,-1.546041375,0,0
204.8343587,-695.4453236,-1.535842639,0,0
210.7077714,-692.9136692,-1.521770505,0,0
216.5400626,-690.2776444,-1.492603144,0,0
222.6858463,-687.3829067,-1.445839349,0,0
228.560091,-684.3771427,-1.388326888,0,0
234.1405254,-681.2492493,-1.332500743,0,0
239.6027407,-677.9092814,-1.330396174,0,0
245.0803581,-674.2273336,-1.340198674,0,0
250.4303344,-670.3510793,-1.38100775,0,0
255.2783574,-666.4415282,-1.428304308,0,0
259.4547912,-661.3728401,-1.452503658,0,0
263.5369893,-656.0088163,-1.432181334,0,0
267.1686369,-650.7935915,-1.366506641,0,0
270.6529409,-645.2619351,-1.278714456,0,0
273.7697686,-639.5382078,-1.185069636,0,0
276.1670777,-633.7334518,-1.099886252,0,0
278.109545,-627.793254,-1.015102407,0,0
279.6434205,-621.5743835,-0.930786381,0,0
280.9725745,-615.3266511,-0.856711024,0,0
282.1835269,-609.2454671,-0.79760302,0,0
283.4244493,-602.974418,-0.75207945,0,0
284.6088357,-596.6856044,-0.720586621,0,0
285.7366935,-590.5699995,-0.698603462,0,0
286.9005174,-584.260089,-0.681748413,0,0
288.0660507,-577.9368519,-0.692184366,0,0
289.1998954,-571.7846018,-0.716295575,0,0
290.3705623,-565.4302743,-0.741544735,0,0
291.5437963,-559.0592918,-0.766972873,0,0
292.7204539,-552.6716544,-0.793863963,0,0
293.8311696,-546.6459802,-0.806794811,0,0
295.0129622,-540.2305857,-0.819783035,0,0
296.1973212,-533.7985351,-0.847658741,0,0
297.3157369,-527.7273346,-0.89512957,0,0
298.4726881,-521.4507268,-0.931613023,0,0
299.6322067,-515.1563544,-0.960966077,0,0
300.7951489,-508.8475477,-0.99039758,0,0
301.9598019,-502.5231969,-1.015169012,0,0
303.1981004,-495.8013538,-1.034536108,0,0
304.3319211,-489.6435507,-1.045714362,0,0
305.1924774,-482.8484429,-1.053582645,0,0
304.9678004,-476.251013,-1.05732471,0,0
304.822782,-469.6480283,-1.060180696,0,0
304.6906348,-463.6168509,-1.061101663,0,0
304.5473293,-456.99055,-1.05922837,0,0
304.4040237,-450.3542564,-1.055586026,0,0
304.265865,-443.9022734,-1.050849818,0,0
304.1422603,-437.2471048,-1.029713772,0,0
304.0297906,-430.586384,-1.010717039,0,0
303.8976359,-424.3120503,-0.994273157,0,0
303.5864498,-417.6446753,-0.975726911,0,0
303.0183037,-410.9928538,-0.969577476,0,0
301.9122666,-404.6286236,-0.948990818,0,0
300.0867514,-398.4776007,-0.920097223,0,0
298.0256878,-392.1944605,-0.88205778,0,0
295.5115202,-385.879138,-0.847105485,0,0
292.0680514,-380.321083,-0.743961247,0,0
288.1269497,-374.9240406,-0.618623355,0,0
283.6385671,-370.5640407,-0.521967563,0,0
278.5549451,-367.4775785,-0.467967872,0,0
272.219154,-366.3719494,-0.320265288,0,0
266.0992529,-366.4965273,-0.168500921,0,0
260.166074,-366.6266438,-0.04614026,0,0
253.8731507,-366.7623173,0.043407757,0,0
247.5810832,-366.8990954,0.124261799,0,0
241.285589,-367.0347578,0.199237465,0,0
235.1665393,-367.1681884,0.265130875,0,0
229.0423495,-367.3016134,0.313856997,0,0
222.5472809,-367.4439253,0.337748355,0,0
216.4016763,-367.5795598,0.359986824,0,0
210.0650653,-367.7207462,0.3820234,0,0
203.7181749,-367.8352803,0.403494319,0,0
197.5725582,-367.5245569,0.431209668,0,0
191.2556303,-366.9995432,0.450449481,0,0
184.9498341,-366.2968757,0.482072441,0,0
178.8778652,-365.2944153,0.524136309,0,0
172.8213134,-364.1798101,0.587476962,0,0
166.4829579,-362.7287843,0.668546283,0,0
161.4884552,-359.0815405,0.781705277,0,0
157.5346292,-354.9812623,0.813828452,0,0
155.6621501,-349.7240016,0.865556198,0,0
153.6526302,-344.5244791,0.918020941,0,0
151.2585434,-339.8934409,0.976788157,0,0
148.7077057,-334.7971861,1.032075932,0,0
146.2450955,-329.8186201,1.065741776,0,0
143.9452334,-325.0965315,1.10830632,0,0
141.5580023,-320.0491235,1.14486203,0,0
139.1733438,-314.9883912,1.186432755,0,0
136.5522859,-309.8554913,1.208165466,0,0
133.2494532,-305.5786487,1.224861752,0,0
129.4841081,-301.711515,1.22937979,0,0
124.61558,-298.7726141,1.239890466,0,0
120.256693,-296.2234198,1.249536283,0,0
115.1740535,-294.1028125,1.261431843,0,0
109.986069,-292.285317,1.272835616,0,0
104.9574077,-291.0396234,1.276939383,0,0
99.26665679,-289.8350164,1.276917277,0,0
93.8628435,-288.7081229,1.274319612,0,0
88.25946289,-287.6434052,1.272687251,0,0
82.77942367,-286.6408592,1.271535823,0,0
77.10581245,-285.688275,1.269712298,0,0
71.5512603,-284.856709,1.268119789,0,0
66.12947067,-284.0795428,1.266023822,0,0
60.52524287,-283.2779475,1.264458362,0,0
54.89789016,-282.4719073,1.267169325,0,0
49.2491256,-281.6647528,1.271765863,0,0
43.58151864,-280.838719,1.274930614,0,0
37.75802513,-279.832812,1.277532823,0,0
32.43730856,-278.2406565,1.279018064,0,0
27.32044313,-275.8002221,1.279977253,0,0
22.39715349,-272.9811691,1.279870529,0,0
17.55866197,-269.7324239,1.278428983,0,0
13.68204637,-266.5702778,1.276422171,0,0
9.970740563,-262.1479312,1.270321188,0,0
6.282564999,-257.6722876,1.25474641,0,0
3.135713292,-253.2033038,1.237470927,0,0
0.574723365,-248.206923,1.221239865,0,0
-1.810677137,-242.9407369,1.206808073,0,0
-3.364396858,-237.7456102,1.196595795,0,0
-4.758802369,-232.3228704,1.188920527,0,0
-6.177188185,-226.7147092,1.183131621,0,0
-7.449108024,-221.2142476,1.17894607,0,0
-8.610535855,-215.8314784,1.174520164,0,0
-9.681171162,-210.0800872,1.169772319,0,0
-10.00321265,-204.2820642,1.17137018,0,0
-10.09742182,-198.7849347,1.176758871,0,0
-10.21389991,-193.1057146,1.179246511,0,0
-10.33380361,-187.2399628,1.174794441,0,0
-10.44856849,-181.6795454,1.174148912,0,0
-10.57104131,-175.7693814,1.177137868,0,0
-10.69094461,-170.0013365,1.177974871,0,0
-10.80913492,-164.3776315,1.178510375,0,0
-10.93075082,-158.5673949,1.179391499,0,0
-11.0575053,-152.5695163,1.180314723,0,0
-11.17655149,-146.8858546,1.180776828,0,0
-11.24249412,-141.181097,1.181915577,0,0
-11.32042719,-135.1210412,1.182698878,0,0
-11.39836012,-129.0409997,1.183556444,0,0
-11.46944162,-123.4494933,1.184008455,0,0
-11.54651774,-117.3294807,1.185324095,0,0
-11.62359371,-111.1894825,1.186180485,0,0
-11.69638754,-105.3736939,1.186840581,0,0
-11.77346321,-99.1948348,1.187912057,0,0
-11.84968222,-92.99710044,1.18892917,0,0
-11.92418836,-86.95480901,1.18968993,0,0
-11.99869435,-80.89364232,1.190771826,0,0
-12.02095352,-74.64372343,1.191974714,0,0
-12.04235614,-68.37492925,1.193153073,0,0
-12.06290246,-62.26268832,1.193956558,0,0
-12.08344846,-55.95947451,1.195174519,0,0
-12.10399439,-49.6384957,1.196022782,0,0
-12.12197133,-43.65282962,1.196793813,0,0
-12.14080444,-37.47397002,1.198356433,0,0
-12.15963749,-31.28067636,1.199211218,0,0
-12.1767575,-25.07183835,1.200120356,0,0
-12.19473367,-18.66869651,1.201524447,0,0
-12.21185357,-12.42654915,1.202586327,0,0
-12.22897313,-5.991208262,1.203636071,0,0
-12.23324558,0.282027806,1.204698648,0,0
-12.21867494,6.748457377,1.205628271,0,0
-12.20410431,13.23043132,1.206873157,0,0
-12.18953426,19.36598944,1.20774915,0,0
-12.17410714,25.87794181,1.209206364,0,0
-12.15782354,32.40543855,1.210194303,0,0
-12.142397,38.58429885,1.211210567,0,0
-12.12440015,45.32386442,1.21265198,0,0
-12.10554682,52.07786407,1.213764747,0,0
-12.08755027,58.66309706,1.214906948,0,0
-12.06869754,65.07845309,1.216066484,0,0
-12.04984453,71.69144391,1.217304589,0,0
-12.0284218,78.50317982,1.218242742,0,0
-11.97530988,84.95850707,1.219447606,0,0
-11.90763845,91.05742568,1.220335153,0,0
-11.83397091,97.72371144,1.221310453,0,0
-11.76458642,104.0335886,1.220231338,0,0
-11.69177555,110.7276321,1.220410305,0,0
-11.57357153,117.4327788,1.221909617,0,0
-11.43909465,124.150139,1.227333413,0,0
-11.29091467,130.6920707,1.235982646,0,0
-11.05280455,137.6148379,1.243040654,0,0
-10.80270447,144.3610661,1.245672006,0,0
-10.55260481,151.120618,1.246191835,0,0
-10.30250557,157.8923834,1.245578833,0,0
-10.05240676,164.6763623,1.24563922,0,0
-9.816868856,171.0961603,1.245523331,0,0
-9.560775345,178.0944287,1.245450622,0,0
-9.311534271,184.9161582,1.244845561,0,0
-9.075141104,191.3692657,1.243964354,0,0
-8.826757334,198.2154222,1.245050399,0,0
-8.570665577,205.2636548,1.244478428,0,0
-8.329134617,211.9421549,1.243813911,0,0
-8.112441568,218.633979,1.24561929,0,0
-7.972830122,225.9109353,1.2474745,0,0
-7.944559434,233.0069117,1.247974613,0,0
-8.001935701,239.5377416,1.248302041,0,0
-8.286273591,246.841346,1.24850909,0,0
-9.074210627,253.9073452,1.249520244,0,0
-10.17389853,260.5314425,1.2491139,0,0
-11.81914949,267.2299311,1.240213905,0,0
-13.78043086,274.0361199,1.218688538,0,0
-15.82392961,280.4303854,1.199811356,0,0
-18.29565378,286.8768371,1.184198686,0,0
-21.53732855,293.3832473,1.147046873,0,0
-25.55751983,298.9236927,1.087995005,0,0
-29.84834705,304.0044735,1.024020763,0,0
-34.77551656,308.7133066,0.962510277,0,0
-40.48462719,312.6815718,0.906481797,0,0
-46.6399551,314.9410808,0.8609964,0,0
-53.44619567,315.6317348,0.821642732,0,0
-60.41774061,315.0744107,0.7939488,0,0
-66.38467577,313.3068497,0.787295185,0,0
-72.86206304,311.3105748,0.777223763,0,0
-79.14246953,309.2543465,0.766058309,0,0
-85.43401354,307.1825795,0.759814608,0,0
-91.54484887,305.1074849,0.758942173,0,0
-97.6702472,303.0323951,0.754088554,0,0
-103.8042136,300.9351039,0.742168171,0,0
-110.0735067,298.6246409,0.741588309,0,0
-116.3213935,296.2242479,0.740150231,0,0
-122.5838439,293.8238599,0.733130032,0,0
-128.3769543,291.7399068,0.726247342,0,0
-135.0864613,290.5664265,0.718518606,0,0
-141.5381631,290.1313021,0.714601814,0,0
-147.8228518,289.9282341,0.707124342,0,0
-154.0732706,290.3169644,0.698098423,0,0
-160.3878954,292.0269673,0.688993268,0,0
-166.5354957,294.3154422,0.67984258,0,0
-171.5002968,297.8907419,0.670275306,0,0
-176.762271,302.0101026,0.661471132,0,0
-181.6465386,306.2971146,0.655719169,0,0
-185.536452,310.7639754,0.651009297,0,0
-189.0769106,315.9147794,0.649555517,0,0
-192.5428462,321.3376086,0.649383973,0,0
-194.4448769,327.3954956,0.649950997,0,0
-195.5563988,333.4511425,0.651274916,0,0
-195.83116,339.7221677,0.651792055,0,0
-195.7958805,346.1797169,0.652002435,0,0
-195.3358158,352.0865425,0.652170974,0,0
-193.9182375,358.1188088,0.652967859,0,0
-190.8785576,363.7157942,0.652775147,0,0
-187.1015094,368.098086,0.652489533,0,0
-182.8782542,372.5603113,0.653528213,0,0
-178.3612493,376.7160871,0.653640934,0,0
-173.8365537,380.3278145,0.652962487,0,0
-168.9915473,384.1149662,0.653148935,0,0
-163.9872444,388.0075969,0.65325344,0,0
-159.239028,391.701491,0.652873988,0,0
-154.4762565,395.4053806,0.652960424,0,0
-149.5627529,399.2258525,0.653098165,0,0
-144.4968049,403.1629071,0.65335154,0,0
-139.6912248,406.8990041,0.653843451,0,0
-134.8719461,410.6439863,0.653614489,0,0
-129.9002232,414.5055513,0.653924629,0,0
-124.9165149,418.3782224,0.653490035,0,0
-119.7786502,422.3674768,0.654271488,0,0
-114.627944,426.3678374,0.654351636,0,0
-109.6031415,430.2682757,0.654205125,0,0
-104.564641,434.1798201,0.654285148,0,0
-99.55269445,438.1502146,0.65445875,0,0
-94.53732712,442.1405979,0.654431481,0,0
-89.66327861,446.047713,0.655414435,0,0
-84.58197298,450.2901421,0.656658063,0,0
-79.67795639,454.4837229,0.659632977,0,0
-74.91611487,458.5884838,0.663989759,0,0
-70.17225862,463.2461815,0.672194593,0,0
-65.65621877,468.1104015,0.68149994,0,0
-61.39283544,472.7381304,0.688468922,0,0
-57.08149343,477.8144256,0.6923778,0,0
-54.05651832,483.680161,0.692582759,0,0
-51.69870906,489.8157071,0.695332285,0,0
-50.58530329,495.8857538,0.69528042,0,0
-50.12535565,502.3555156,0.692737364,0,0
-49.6765424,508.829719,0.692915478,0,0
-49.27312302,514.9708308,0.698799995,0,0
-48.855999,521.4794543,0.700739675,0,0
-48.54507407,527.8337456,0.700457126,0,0
-48.36775375,534.0314841,0.697511014,0,0
-48.40111306,540.5967359,0.694044916,0,0
-48.59205631,546.9843394,0.689630183,0,0
-48.74702917,553.3885974,0.685155048,0,0
-48.87630997,559.6329709,0.68128413,0,0
-48.99702391,566.250408,0.67721695,0,0
-49.08005479,572.8844995,0.673123078,0,0
-49.15966203,579.1755058,0.669567351,0,0
-49.23926903,585.4831668,0.665574952,0,0
-49.32315559,592.1672224,0.661281841,0,0
-49.40190573,598.5037516,0.658751212,0,0
-49.51062927,605.0368061,0.660644001,0,0
-49.77179561,611.5798545,0.662956727,0,0
-50.21966242,617.9419237,0.662977138,0,0
-51.94701934,624.4161418,0.654214424,0,0
-53.87135294,630.4417971,0.64358703,0,0
-56.42771957,636.6106878,0.638690199,0,0
-59.66836792,641.7769763,0.634224795,0,0
-63.47253457,646.9588153,0.630652025,0,0
-67.55760284,651.9174869,0.628535825,0,0
-72.13853825,656.106722,0.628963064,0,0
-77.33181151,659.7641281,0.627622456,0,0
-82.91732601,662.7042828,0.626556679,0,0
-88.28874241,664.7706266,0.626192203,0,0
-94.38040955,666.1641362,0.626704379,0,0
-100.5671563,666.0542944,0.627195573,0,0
-106.5911986,664.9163098,0.627618658,0,0
-112.1801882,663.4496722,0.627108149,0,0
-117.7289383,661.3423902,0.627153076,0,0
-123.3915978,659.0496925,0.627265878,0,0
-128.4736116,656.6825987,0.627700259,0,0
-133.681524,654.184494,0.627515421,0,0
-139.065863,651.6164467,0.627584267,0,0
-144.3131776,649.1139088,0.627622611,0,0
-149.5784806,646.604713,0.627860715,0,0
-155.0159286,644.0133614,0.627868155,0,0
-160.2863785,641.4331133,0.627816955,0,0
-165.5011679,638.7074173,0.628139278,0,0
-170.8041773,635.7541136,0.628386925,0,0
-175.9821588,632.5676459,0.62757909,0,0
-180.2026763,629.0125369,0.628203252,0,0
-184.716098,625.2631333,0.627759319,0,0
-189.3091761,621.3127685,0.626884393,0,0
-193.3378741,617.5011807,0.625922353,0,0
-197.7220014,613.288783,0.625619371,0,0
-201.7156088,608.9320374,0.624024496,0,0
-205.4343154,604.3443424,0.622419766,0,0
-208.8961105,599.355821,0.621819913,0,0
-211.7327305,594.0208678,0.621019547,0,0
-213.8782228,588.594851,0.619479257,0,0
-215.8096136,583.1044309,0.616990103,0,0
-217.7470028,577.5951362,0.614009569,0,0
-219.6809748,571.8837659,0.610832871,0,0
-221.3109058,566.6009663,0.60799013,0,0
-222.7541501,560.9017959,0.603438335,0,0
-223.9481724,555.3225319,0.598715593,0,0
-225.054847,549.5323069,0.59347677,0,0
-225.9140218,543.5166824,0.588791583,0,0
-226.673853,537.4732974,0.584189314,0,0
-227.2752364,531.7463457,0.579694046,0,0
-227.8603594,525.649661,0.575909207,0,0
-228.451479,519.5363221,0.572822356,0,0
-229.044313,513.4041082,0.570897739,0,0
-229.6225838,507.4306681,0.569970918,0,0
-230.2025688,501.4416838,0.568480389,0,0
-230.8459367,495.2639493,0.56822586,0,0
-231.6134778,489.4481791,0.569959725,0,0
-232.9017411,483.3703924,0.573545933,0,0
-234.6824529,477.4414022,0.577177537,0,0
-237.9944464,472.4973029,0.577127167,0,0
-241.649026,467.3455883,0.578865136,0,0
-246.2970477,463.1576545,0.579347921,0,0
-250.8970869,459.7980118,0.578738457,0,0
-256.0358241,456.6182596,0.578313897,0,0
-261.6781087,454.6998378,0.575920697,0,0
-267.2946898,453.1600343,0.5730123,0,0
-272.9369651,451.6524346,0.569146897,0,0
-278.9363808,450.0737928,0.571904951,0,0
-284.9520716,448.4907154,0.577793082,0,0
-290.4821581,447.0341984,0.571030722,0,0
-296.5132727,445.3589743,0.565658408,0,0
-302.4698907,443.399513,0.559462045,0,0
-308.1241996,441.1591363,0.552796497,0,0
-313.3777417,437.8339765,0.545237895,0,0
-318.180814,434.190144,0.549051272,0,0
-322.4880213,430.2864806,0.537676771,0,0
-325.7992179,425.7676682,0.549416952,0,0
-328.4843819,420.7203246,0.57133003,0,0
-330.7661873,415.1500096,0.595108104,0,0
-332.501562,410.0959644,0.614218548,0,0
-334.0870787,404.6422023,0.634481569,0,0
-335.6631924,398.830921,0.654759816,0,0
-336.8016465,393.422662,0.667381961,0,0
-337.458796,387.6202222,0.669570884,0,0
-337.5849418,381.9787533,0.664686952,0,0
-337.7324925,376.4827356,0.658772257,0,0
-337.8800443,370.9667325,0.652704605,0,0
-338.0378894,365.094321,0.646112664,0,0
-338.1880128,359.5372367,0.63994672,0,0
-338.3389938,353.9590566,0.633696578,0,0
-338.5019736,348.1921248,0.6269986,0,0
-338.6769449,342.405208,0.619898508,0,0
-338.8527738,336.5971955,0.61264127,0,0
-339.0303167,330.7703079,0.605530535,0,0
-339.2078608,324.9223245,0.598485512,0,0
-339.3862624,319.0565763,0.590876503,0,0
-339.5612317,313.3429402,0.583642918,0,0
-339.7362021,307.6104289,0.575832906,0,0
-339.9180329,301.6858347,0.567495988,0,0
-340.0947184,295.9166834,0.559894393,0,0
-340.2782644,289.9532287,0.551282776,0,0
-340.4575213,284.1485478,0.543305651,0,0
-340.6427824,278.1484531,0.534112535,0,0
-340.828901,272.1305936,0.525244681,0,0
-341.009874,266.2726183,0.516322391,0,0
-341.192561,260.3979885,0.507120754,0,0
-341.3529889,254.3268333,0.497664649,0,0
-341.4894369,248.2390224,0.487039765,0,0
-341.6250294,242.1334467,0.47625206,0,0
-341.7520422,236.3709557,0.466186742,0,0
-341.8867802,230.2298503,0.455283114,0,0
-342.0215191,224.0732006,0.443904537,0,0
-342.1065679,218.2607441,0.432333717,0,0
-342.1668042,211.8864709,0.419222208,0,0
-342.2047651,205.6787429,0.405772893,0,0
-342.2418621,199.6375611,0.392214473,0,0
-342.2798246,193.3954138,0.379044288,0,0
-342.3169314,187.1377222,0.36518875,0,0
-342.2966555,180.8633735,0.350056019,0,0
-342.261812,174.7577909,0.335181349,0,0
-342.2252644,168.4512427,0.319304757,0,0
-342.1887092,162.3145717,0.303924341,0,0
-342.1529946,156.5343094,0.289496343,0,0
-342.0633476,150.1789056,0.272447804,0,0
-341.9856751,144.1843522,0.256390468,0,0
-341.9045856,137.9855023,0.239428851,0,0
-341.8269142,131.9609709,0.223327981,0,0
-341.7441212,125.5433905,0.206074312,0,0
-341.6690119,119.6776333,0.189513885,0,0
-341.5896375,113.4177169,0.172762199,0,0
-341.5068463,106.9523936,0.155136092,0,0
-341.424912,100.4726364,0.136977169,0,0
-341.3472437,94.35928095,0.120128976,0,0
-341.2678715,88.03940833,0.102252006,0,0
-341.1859388,81.51412886,0.083815655,0,0
-341.1091285,75.35747172,0.065975173,0,0
-341.0306143,68.99429747,0.048164801,0,0
-340.9486832,62.42460601,0.029594966,0,0
-340.8718743,56.2268678,0.011280395,0,0
-340.7933615,49.82150216,-0.006981157,0,0
-340.7122884,43.20739877,-0.025842217,0,0
-340.6312158,36.5788615,-0.044968576,0,0
-340.5501437,29.93700064,-0.064304377,0,0
-340.4690728,23.28070596,-0.068532634,0,0
-340.3905611,16.81094297,-0.107300257,0,0
-340.351441,10.52327228,-0.121626614,0,0
-340.3080563,3.829229097,-0.140090137,0,0
-340.2629677,-3.074662079,-0.159672221,0,0
-340.2204316,-9.597717716,-0.178938289,0,0
-340.1779048,-16.33173158,-0.198556277,0,0
-340.1353697,-22.88032406,-0.217762302,0,0
-340.1082432,-29.24238419,-0.236180675,0,0
-340.1076861,-36.01525661,-0.255084307,0,0
-340.1362504,-42.800341,-0.273862554,0,0
-340.1673847,-49.59763854,-0.292778622,0,0
-340.1959325,-56.00632868,-0.310304769,0,0
-340.2262116,-62.8291631,-0.32947119,0,0
-340.2556348,-69.66421082,-0.348307657,0,0
-340.2833278,-76.10954081,-0.366677491,0,0
-340.3367342,-82.96901399,-0.385609782,0,0
-340.4141142,-89.63751324,-0.403431867,0,0
-340.4914949,-96.31822575,-0.421865757,0,0
-340.5680197,-103.0111516,-0.439880555,0,0
-340.6462672,-109.9183664,-0.45895466,0,0
-340.7219369,-116.6346085,-0.477372086,0,0
-340.8310018,-123.1576556,-0.494340319,0,0
-340.963202,-129.8949908,-0.512025972,0,0
-341.0996945,-136.8488355,-0.530207785,0,0
-341.2267481,-143.4051907,-0.547418166,0,0
-341.3615291,-150.3812413,-0.56615142,0,0
-341.4920193,-157.1640987,-0.584145838,0,0
-341.6225101,-163.958059,-0.602466752,0,0
-341.759872,-171.1750458,-0.621243503,0,0
-341.8886513,-177.9912121,-0.639677414,0,0
-342.0139952,-184.5930893,-0.657555785,0,0
