-4896867.534261814,4060367.783923528,-6056227.846883545,0.0,0.0
-4896870.309831674,4060364.426612374,-6056227.6889393125,0.0,0.0
-4896877.856467558,4060355.298743196,-6056227.265431726,0.0,0.0
-4896885.913175237,4060345.55343396,-6056226.813883437,0.0,0.0
-4896891.882432622,4060338.3332994482,-6056226.478469251,0.0,0.0
-4896899.153599584,4060329.538227468,-6056226.068623045,0.0,0.0
-4896906.089240191,4060321.1476817997,-6056225.676028999,0.0,0.0
-4896913.850102912,4060311.7594319796,-6056225.233421552,0.0,0.0
-4896922.610128297,4060301.1608298062,-6056224.727468653,0.0,0.0
-4896932.204556606,4060289.594048435,-6056224.564988359,0.0,0.0
-4896942.250984259,4060277.491869338,-6056224.483809722,0.0,0.0
-4896958.076869746,4060258.4049626132,-6056224.141850484,0.0,0.0
-4896971.04817324,4060242.7229687455,-6056223.4940748345,0.0,0.0
-4896983.893987281,4060227.1775548337,-6056222.716142255,0.0,0.0
-4896995.839036652,4060212.7040994666,-6056221.835263797,0.0,0.0
-4897006.994620272,4060199.181994271,-6056221.012975106,0.0,0.0
-4897016.680931217,4060187.3529932345,-6056219.354184848,0.0,0.0
-4897032.056842966,4060168.2913750904,-6056214.087839607,0.0,0.0
-4897040.369194543,4060157.8932104725,-6056210.425948211,0.0,0.0
-4897050.155710546,4060145.7404042473,-6056206.617863184,0.0,0.0
-4897060.033528558,4060133.5141218808,-6056202.777727535,0.0,0.0
-4897068.26225318,4060123.2577075213,-6056197.959747565,0.0,0.0
-4897075.966415835,4060113.5024555065,-6056191.894108841,0.0,0.0
-4897084.341796439,4060102.857381014,-6056184.011602926,0.0,0.0
-4897091.795574375,4060093.3854904636,-6056176.579813219,0.0,0.0
-4897098.677001026,4060084.785964985,-6056169.5843283385,0.0,0.0
-4897103.873621757,4060078.2064430295,-6056163.298422655,0.0,0.0
-4897109.121373187,4060071.3005786254,-6056156.008350741,0.0,0.0
-4897114.0910807615,4060064.635423673,-6056148.010569852,0.0,0.0
-4897118.495777449,4060058.678160472,-6056140.072984107,0.0,0.0
-4897124.586316856,4060050.330871554,-6056127.637868352,0.0,0.0
-4897127.432436139,4060046.263819899,-6056119.57906764,0.0,0.0
-4897129.4174097655,4060043.1824677167,-6056110.737408965,0.0,0.0
-4897130.790790234,4060040.827719783,-6056101.746120086,0.0,0.0
-4897132.103694187,4060038.481813166,-6056091.94946537,0.0,0.0
-4897132.892323744,4060036.715486675,-6056081.558007638,0.0,0.0
-4897132.987160668,4060035.689500867,-6056069.765872791,0.0,0.0
-4897132.048380692,4060035.8170427103,-6056056.920270811,0.0,0.0
-4897130.105038007,4060037.1616853555,-6056044.194356325,0.0,0.0
-4897126.861618015,4060040.000008435,-6056030.878964241,0.0,0.0
-4897121.7864529705,4060044.7210039636,-6056013.042735912,0.0,0.0
-4897116.547361152,4060049.646508663,-6055994.739617245,0.0,0.0
-4897111.61292561,4060054.3326116297,-6055978.170680864,0.0,0.0
-4897105.703212376,4060059.9435390094,-6055958.338671383,0.0,0.0
-4897103.677244162,4060061.6960447123,-6055949.485872017,0.0,0.0
-4897102.866584715,4060062.2542065387,-6055944.078247959,0.0,0.0
-4897102.605763278,4060062.1705571436,-6055938.9441606635,0.0,0.0
-4897102.926981166,4060061.3527939385,-6055933.67287319,0.0,0.0
-4897103.656184102,4060060.0596347507,-6055929.287296757,0.0,0.0
-4897104.82695916,4060058.225301461,-6055925.065363552,0.0,0.0
-4897106.436740631,4060055.872594893,-6055921.144157324,0.0,0.0
-4897116.979992197,4060042.003661229,-6055910.526635171,0.0,0.0
-4897121.382223809,4060036.497448066,-6055909.142985416,0.0,0.0
-4897126.965209001,4060029.58973676,-6055907.725168009,0.0,0.0
-4897133.314300331,4060021.7738803774,-6055906.2921031555,0.0,0.0
-4897141.276625621,4060012.068270123,-6055904.502484636,0.0,0.0
-4897149.598015549,4060002.079590316,-6055903.47743617,0.0,0.0
-4897162.601063027,4059987.4148527347,-6055912.6979475,0.0,0.0
-4897168.52540383,4059981.766606592,-6055928.369697897,0.0,0.0
-4897170.984649871,4059979.5451079854,-6055937.197979781,0.0,0.0
-4897179.900943562,4059969.3808749816,-6055945.252665881,0.0,0.0
-4897186.460690842,4059961.146889472,-6055940.578777863,0.0,0.0
-4897189.66362846,4059956.886121068,-6055935.215963354,0.0,0.0
-4897192.548067739,4059952.676450104,-6055925.447328661,0.0,0.0
-4897192.943785438,4059949.6444234923,-6055891.876747515,0.0,0.0
-4897192.731103426,4059949.386052705,-6055884.842782631,0.0,0.0
-4897192.413542309,4059949.114190686,-6055876.310331028,0.0,0.0
-4897192.002581133,4059948.9235827224,-6055867.438385061,0.0,0.0
-4897191.520443826,4059948.724371404,-6055857.402039754,0.0,0.0
-4897190.99697797,4059948.5143525763,-6055846.300039959,0.0,0.0
-4897190.3412322365,4059948.405791874,-6055835.147944948,0.0,0.0
-4897189.384554738,4059948.510635976,-6055821.8946335325,0.0,0.0
-4897188.288889812,4059948.6231264537,-6055806.586773808,0.0,0.0
-4897187.106082205,4059948.720335117,-6055789.844575712,0.0,0.0
-4897185.891592052,4059948.861054002,-6055773.094705143,0.0,0.0
-4897184.349685197,4059949.2838991345,-6055754.814029794,0.0,0.0
-4897182.122334544,4059950.345001844,-6055734.7172135115,0.0,0.0
-4897179.347816532,4059952.0313157006,-6055713.811583678,0.0,0.0
-4897175.352242312,4059955.310506514,-6055692.755369919,0.0,0.0
-4897171.219085756,4059958.9845153503,-6055675.113632547,0.0,0.0
-4897165.721126689,4059964.2053783466,-6055657.0397057915,0.0,0.0
-4897159.814272023,4059969.9993731123,-6055640.180867467,0.0,0.0
-4897152.866412334,4059977.1316581713,-6055623.845238823,0.0,0.0
-4897143.973746523,4059986.78817916,-6055611.528100885,0.0,0.0
-4897135.120977689,4059996.6404951774,-6055602.337327768,0.0,0.0
-4897126.470611234,4060006.727767181,-6055595.453957935,0.0,0.0
-4897118.213302157,4060016.5631047594,-6055590.798929118,0.0,0.0
-4897109.911448456,4060026.486217917,-6055587.26239909,0.0,0.0
-4897100.596112087,4060037.6197354523,-6055584.404975993,0.0,0.0
-4897091.430258807,4060048.514669652,-6055582.1258593965,0.0,0.0
-4897082.692574428,4060058.8221523482,-6055580.027863716,0.0,0.0
-4897074.485611967,4060068.4364919676,-6055578.225083112,0.0,0.0
-4897065.40774832,4060079.0805638344,-6055576.298804488,0.0,0.0
-4897057.173097862,4060088.7861608136,-6055574.706961413,0.0,0.0
-4897049.177400934,4060098.131869075,-6055573.218806289,0.0,0.0
-4897041.46402881,4060107.1823569806,-6055571.918520857,0.0,0.0
-4897033.53932429,4060116.5003803596,-6055570.659194339,0.0,0.0
-4897025.656765222,4060125.8009237405,-6055569.401966011,0.0,0.0
-4897018.274966546,4060134.5307825827,-6055568.220805548,0.0,0.0
-4897011.379386003,4060142.7240515137,-6055567.503441242,0.0,0.0
-4897004.394106112,4060151.0507151596,-6055566.918818475,0.0,0.0
-4896997.558287539,4060159.2344610356,-6055566.691664132,0.0,0.0
-4896991.393571458,4060166.6421408616,-6055566.666837431,0.0,0.0
-4896984.708112607,4060174.760319666,-6055567.533547119,0.0,0.0
-4896978.281821237,4060182.594597787,-6055568.76793982,0.0,0.0
-4896971.814431237,4060190.5458066496,-6055570.731948219,0.0,0.0
-4896965.681225424,4060198.178948235,-6055573.625516055,0.0,0.0
-4896959.707636614,4060205.786449507,-6055578.386644504,0.0,0.0
-4896954.991702764,4060212.0265636165,-6055583.601697924,0.0,0.0
-4896950.381574079,4060218.403330268,-6055591.082310578,0.0,0.0
-4896948.634540888,4060221.3004615367,-6055598.909815144,0.0,0.0
-4896947.938633865,4060223.27258225,-6055608.300417643,0.0,0.0
-4896948.482736598,4060223.8311854564,-6055618.685029307,0.0,0.0
-4896949.259478236,4060223.8733758787,-6055628.044346084,0.0,0.0
-4896950.045695763,4060223.8609337164,-6055637.455078783,0.0,0.0
-4896950.844604178,4060223.744605082,-6055646.339374962,0.0,0.0
-4896951.610775654,4060223.5529961204,-6055654.988809194,0.0,0.0
-4896952.423753419,4060223.2971927733,-6055663.7545714555,0.0,0.0
-4896953.178228994,4060223.0589498584,-6055671.896218024,0.0,0.0
-4896953.926285478,4060222.8217494423,-6055679.977137624,0.0,0.0
-4896954.761676478,4060222.589028788,-6055689.595311161,0.0,0.0
-4896954.276155603,4060225.8111882606,-6055718.050296195,0.0,0.0
-4896948.2611627765,4060233.872442127,-6055726.088781536,0.0,0.0
-4896942.177595373,4060241.5962031274,-6055729.708439991,0.0,0.0
-4896934.856536331,4060250.763628908,-6055733.020357909,0.0,0.0
-4896927.733807956,4060259.726542022,-6055736.92435347,0.0,0.0
-4896920.492787248,4060269.2502782294,-6055746.162030583,0.0,0.0
-4896914.248612046,4060277.9024212635,-6055760.524589022,0.0,0.0
-4896911.19519302,4060282.801127696,-6055775.770080436,0.0,0.0
-4896910.52111924,4060284.6803204697,-6055789.43513166,0.0,0.0
-4896910.474073507,4060285.807292232,-6055803.086580038,0.0,0.0
-4896910.925918214,4060286.3906017994,-6055817.422660981,0.0,0.0
-4896911.362201622,4060286.952661567,-6055831.049713584,0.0,0.0
-4896911.636979463,4060287.6125531266,-6055843.466772891,0.0,0.0
-4896910.720974498,4060289.5029648403,-6055853.480322659,0.0,0.0
-4896908.436467584,4060292.908560825,-6055861.970403996,0.0,0.0
-4896903.569256147,4060299.4538131794,-6055871.23304776,0.0,0.0
-4896898.907822288,4060305.559889602,-6055878.420166854,0.0,0.0
-4896892.4505456295,4060313.7105634734,-6055884.346686135,0.0,0.0
-4896886.078188116,4060321.61963782,-6055888.259609218,0.0,0.0
-4896879.9296815265,4060329.1810716772,-6055890.977030884,0.0,0.0
-4896872.856173871,4060337.8248521886,-6055893.24117421,0.0,0.0
-4896865.230256114,4060347.0556291435,-6055894.42499172,0.0,0.0
-4896856.887426808,4060357.11815216,-6055895.200108259,0.0,0.0
-4896848.038084861,4060367.766656095,-6055895.819484712,0.0,0.0
-4896839.220613723,4060378.344299963,-6055895.948269499,0.0,0.0
-4896828.3708795635,4060391.345370475,-6055895.881515262,0.0,0.0
-4896818.240883906,4060403.482021351,-6055895.83569653,0.0,0.0
-4896807.707100216,4060416.1547187995,-6055896.473957455,0.0,0.0
-4896797.073695321,4060428.957429447,-6055897.2562547885,0.0,0.0
-4896783.98702611,4060444.7005242375,-6055898.062334733,0.0,0.0
-4896769.358859982,4060462.2979736063,-6055898.946866534,0.0,0.0
-4896753.583472297,4060481.271522547,-6055899.9013878815,0.0,0.0
-4896736.94198648,4060501.2910625697,-6055900.908667439,0.0,0.0
-4896718.451083134,4060523.5339911445,-6055902.028281599,0.0,0.0
-4896697.490644935,4060548.7496286137,-6055903.297259991,0.0,0.0
-4896679.877198105,4060569.9093166552,-6055903.961580048,0.0,0.0
-4896664.041564131,4060588.7984637446,-6055902.597466106,0.0,0.0
-4896640.107691228,4060617.3340681344,-6055900.740346806,0.0,0.0
-4896624.9037850695,4060635.5475015272,-6055900.717675164,0.0,0.0
-4896609.937024787,4060653.499095497,-6055901.012273751,0.0,0.0
-4896594.817924438,4060671.66289383,-6055901.689352414,0.0,0.0
-4896581.383654823,4060687.8088237434,-6055902.293744124,0.0,0.0
-4896568.616878654,4060703.212269562,-6055903.697620466,0.0,0.0
-4896555.653481162,4060718.9949876857,-6055906.902184377,0.0,0.0
-4896545.841423427,4060731.1645118026,-6055912.239255846,0.0,0.0
-4896539.815439526,4060738.808706005,-6055918.651671243,0.0,0.0
-4896534.976692184,4060745.019005243,-6055925.812763575,0.0,0.0
-4896530.408798754,4060750.989044976,-6055934.4436325235,0.0,0.0
-4896527.598315771,4060754.818458263,-6055942.09157317,0.0,0.0
-4896526.724180789,4060756.372372769,-6055949.9184883805,0.0,0.0
-4896526.784135048,4060756.904841743,-6055958.706840996,0.0,0.0
-4896529.114956699,4060754.6655839663,-6055965.891531633,0.0,0.0
-4896538.03552705,4060744.9543477576,-6055978.041611535,0.0,0.0
-4896540.5556730265,4060742.3064341466,-6055982.764647287,0.0,0.0
-4896543.342365103,4060739.4186346387,-6055988.452066705,0.0,0.0
-4896545.8300201595,4060736.8911234126,-6055994.116967722,0.0,0.0
-4896548.72417457,4060734.0437090574,-6056002.0031066965,0.0,0.0
-4896550.642461526,4060732.225042001,-6056008.298530039,0.0,0.0
-4896553.6848717155,4060729.373583102,-6056018.446548654,0.0,0.0
-4896556.04801438,4060727.1543298084,-6056026.340489155,0.0,0.0
-4896558.151201664,4060725.208668878,-6056033.802893977,0.0,0.0
-4896559.8937467225,4060723.7403594777,-6056041.829626796,0.0,0.0
-4896560.507636467,4060723.6670217197,-6056050.437408061,0.0,0.0
-4896560.004454358,4060725.006582248,-6056060.217105508,0.0,0.0
-4896558.359119052,4060727.7329848884,-6056070.110335406,0.0,0.0
-4896555.019568003,4060732.5868124147,-6056081.338694222,0.0,0.0
-4896551.369365039,4060737.584906705,-6056089.486571469,0.0,0.0
-4896546.219455927,4060744.351443079,-6056097.183624747,0.0,0.0
-4896539.409704478,4060752.9318234613,-6056102.523747497,0.0,0.0
-4896529.107767402,4060765.5431803744,-6056105.9473111695,0.0,0.0
-4896520.605623534,4060775.6040404015,-6056104.34680978,0.0,0.0
-4896512.2679138165,4060785.169398316,-6056098.99285484,0.0,0.0
-4896505.312602329,4060792.8860024563,-6056091.180790268,0.0,0.0
-4896499.436870945,4060799.2179293754,-6056082.21569126,0.0,0.0
-4896493.0363935875,4060806.010505929,-6056071.146841133,0.0,0.0
-4896485.236776611,4060814.2528806715,-6056057.179356181,0.0,0.0
-4896477.545303138,4060822.3779981816,-6056043.3898861045,0.0,0.0
-4896469.426820746,4060830.936437769,-6056028.574017698,0.0,0.0
-4896461.276938485,4060839.519396189,-6056013.610018773,0.0,0.0
-4896452.800816795,4060848.5193718285,-6055998.948580556,0.0,0.0
-4896444.561125683,4060857.343753122,-6055985.446013853,0.0,0.0
-4896436.322506128,4060866.3115868163,-6055973.5220124945,0.0,0.0
-4896427.409137613,4060876.3855510904,-6055965.7516599335,0.0,0.0
-4896418.24436664,4060887.074031612,-6055961.898627431,0.0,0.0
-4896409.228021017,4060897.7717697574,-6055960.235319595,0.0,0.0
-4896399.912875257,4060908.8887776555,-6055959.5688483985,0.0,0.0
-4896390.721219902,4060919.9026640025,-6055959.767137995,0.0,0.0
-4896381.502665766,4060930.9679923817,-6055960.27539881,0.0,0.0
-4896372.1410324415,4060942.2161577363,-6055960.928287426,0.0,0.0
-4896363.254697174,4060952.9164620033,-6055961.883701556,0.0,0.0
-4896354.25184543,4060963.7906134278,-6055963.219259677,0.0,0.0
-4896346.41407715,4060973.3170593907,-6055964.803293503,0.0,0.0
-4896339.901194278,4060981.2995142653,-6055967.222535239,0.0,0.0
-4896332.8763063,4060990.0582195725,-6055972.107385079,0.0,0.0
-4896326.954640679,4060997.6209508413,-6055978.374482714,0.0,0.0
-4896321.493480917,4061004.7225248283,-6055985.64239298,0.0,0.0
-4896317.6957319435,4061009.9344898807,-6055994.072114193,0.0,0.0
-4896315.3034939775,4061013.523037318,-6056003.236011225,0.0,0.0
-4896314.184150008,4061015.601095431,-6056012.59562364,0.0,0.0
-4896314.333333131,4061016.187143619,-6056022.299947233,0.0,0.0
-4896315.836714306,4061015.0870884634,-6056031.197567692,0.0,0.0
-4896319.584041008,4061011.6069258396,-6056043.981655406,0.0,0.0
-4896322.528052279,4061008.814818527,-6056053.293249532,0.0,0.0
-4896325.998422935,4061005.448494883,-6056063.323315885,0.0,0.0
-4896329.435768302,4061002.099610129,-6056073.068699626,0.0,0.0
-4896332.934923942,4060998.621229889,-6056082.117111237,0.0,0.0
-4896337.050088296,4060994.402868297,-6056091.122960941,0.0,0.0
-4896341.692712629,4060989.531331398,-6056099.8887487985,0.0,0.0
-4896347.066431135,4060983.734623489,-6056108.025409344,0.0,0.0
-4896352.936214503,4060977.359512215,-6056116.374803822,0.0,0.0
-4896359.313014871,4060970.361151804,-6056124.561419172,0.0,0.0
-4896365.557684098,4060963.4149231375,-6056131.393251063,0.0,0.0
-4896372.7582546845,4060955.2411771505,-6056137.17513647,0.0,0.0
-4896380.870832483,4060945.8536637523,-6056141.490489086,0.0,0.0
-4896389.146605993,4060936.0947524346,-6056143.598625134,0.0,0.0
-4896397.779392798,4060925.7853206317,-6056144.214195239,0.0,0.0
-4896406.595698525,4060915.202503218,-6056144.154360305,0.0,0.0
-4896416.416493731,4060903.400680436,-6056143.858522544,0.0,0.0
-4896425.980056649,4060891.9162652036,-6056143.567975778,0.0,0.0
-4896435.919124952,4060880.0136977616,-6056143.614702906,0.0,0.0
-4896443.92524748,4060870.635898979,-6056146.173506812,0.0,0.0
-4896451.234735018,4060862.3752370384,-6056152.383637119,0.0,0.0
-4896456.618631868,4060856.6059027943,-6056160.988819069,0.0,0.0
-4896460.90842577,4060852.298092945,-6056171.574413776,0.0,0.0
-4896463.196290443,4060850.4700810323,-6056183.299054079,0.0,0.0
-4896465.246098344,4060848.995567535,-6056195.624269907,0.0,0.0
-4896467.367682533,4060847.468260665,-6056208.705417214,0.0,0.0
-4896470.440781516,4060844.6673637885,-6056220.091102751,0.0,0.0
-4896474.902808281,4060839.9383865558,-6056227.782146987,0.0,0.0
-4896481.382379395,4060832.566677986,-6056233.203585194,0.0,0.0
-4896488.858666761,4060823.8953616023,-6056236.64457847,0.0,0.0
-4896497.332616539,4060814.03375358,-6056239.777050971,0.0,0.0
-4896506.331730554,4060803.5175566794,-6056242.504978219,0.0,0.0
-4896516.366691852,4060791.702556916,-6056244.587553624,0.0,0.0
-4896527.04798846,4060779.0057507562,-6056245.725600751,0.0,0.0
-4896539.388688381,4060764.2233174583,-6056246.012524386,0.0,0.0
-4896553.260221308,4060747.5413705134,-6056245.745459309,0.0,0.0
-4896568.3386768345,4060729.3959252075,-6056245.383416484,0.0,0.0
-4896585.729498202,4060708.459139829,-6056244.962760114,0.0,0.0
-4896608.851889165,4060680.6036857837,-6056244.250032866,0.0,0.0
-4896628.696246475,4060656.6305042673,-6056243.015481315,0.0,0.0
-4896647.487846772,4060633.9457355933,-6056242.06396823,0.0,0.0
-4896666.409508122,4060611.124675406,-6056241.305949684,0.0,0.0
-4896684.063318662,4060589.791363157,-6056240.275645283,0.0,0.0
-4896700.88968495,4060569.4434281783,-6056239.153978486,0.0,0.0
-4896717.010964158,4060549.9438988906,-6056238.076382342,0.0,0.0
-4896732.098912379,4060531.7275371505,-6056237.384111563,0.0,0.0
-4896749.122215353,4060511.173614142,-6056236.716433176,0.0,0.0
-4896768.106291872,4060488.262742343,-6056235.96321883,0.0,0.0
-4896786.73370414,4060465.694300398,-6056234.496146701,0.0,0.0
-4896804.946532418,4060443.6526710535,-6056233.278121771,0.0,0.0
-4896821.884962734,4060423.180655596,-6056232.3879758455,0.0,0.0
-4896839.568398037,4060401.8050721623,-6056231.45558677,0.0,0.0
-4896855.533833468,4060382.504610019,-6056230.609519578,0.0,0.0
-4896869.678757016,4060365.40423234,-6056229.859405987,0.0,0.0
-4896879.387036808,4060353.6740601156,-6056229.340883738,0.0,0.0
